Marca,RazonSocial,NIT,Categoria_BAV,Macrosector_Fin,En_BAV,Monobrand,BavScore_x10,Patron_BAV,Tensity_Diferenciacion,TotalSearch_Relevancia,Brandconomics_Estima,GrowthStrategy_CX,LoyaltyStrategy_Conocimiento,Ingresos2024_COP_T,Ingresos2023_COP_T,TotalActivos2024_COP_T,Ganancia2024_COP_T,TotalPasivos2024_COP_T,Patrimonio2024_COP_T,Fuente,Nota_Cruce,_ratio,Commerce_Ratio,Commerce_KPI,BavPulse_Raw,BavPulse_KPI,eDif_Raw,eRel_Raw,eEst_Raw,eFam_Raw,eDif_KPI,eRel_KPI,eEst_KPI,eFam_KPI,GT_Raw,GT_KPI,Wiki_Raw,Wiki_KPI,Social_Raw,Social_KPI,eDif_Digital_Raw,eDif_Digital_KPI,eRel_Digital_Raw,eRel_Digital_KPI,eEst_Digital_Raw,eEst_Digital_KPI,eFam_Digital_Raw,eFam_Digital_KPI,BAV_Pulse_Digital_KPI,BrandAsset_Raw,BrandAsset_KPI,Paris_Raw,Prefer_gap_CX,Prefer_U_pct,UseReg_U_pct,WNC_nU_pct,Stature_U,Stature_nU,CX_KPI,NPS_Raw,Loyalty_KPI,BX_Score,CO_Score,CX_Score
D1,D1 S.A.S,900276962,Supermercados,COMERCIO,SI,True,89.1,Líder integral,77.4,99.0,80.0,89.6,99.3,19.4393959045,17.4241313934,6.3218164444,0.3732098937,6.1041164398,0.2176999748,Supersociedades – master_top1000_estados_financieros 2024,,3.074969998807832,3.075,88.9,29.4,47.6,77.4,99.0,80.0,99.3,69.6,100.0,67.1,98.7,48.4,47.6,15.0,51.9,24.8,54.3,84.6,77.8,39.0,50.6,40.8,14.8,64.8,43.2,46.6,88.33,93.6,0.0281,0.38,53.3,71.6,1.4,3.779,3.807,0.0,80.34,98.7,70.1,88.9,49.4
Exito,ALMACENES EXITO S A,890900608,Supermercados,COMERCIO,SI,True,81.8,Medio,47.5,85.4,86.2,92.1,98.0,16.0776882172,15.7321834564,13.9042215347,0.0547863208,7.2157101631,6.6885118484,Supersociedades – master_top1000_estados_financieros 2024,,1.156317034871445,1.1563,48.1,30.6,50.0,47.5,85.4,86.2,98.0,43.0,93.7,78.5,97.5,3.1,14.6,35.0,67.9,53.6,96.3,75.5,37.0,23.3,39.5,94.0,86.4,76.2,72.8,58.9,76.51,74.4,-0.0495,0.33,30.4,39.0,5.5,4.014,3.964,88.8,69.27,84.8,66.7,48.1,86.8
Olímpica,SUPERTIENDAS Y DROGUERIAS OLIMPICA S.A,890107487,Supermercados,COMERCIO,SI,True,74.2,Medio,41.6,84.0,73.9,81.8,89.7,7.1291923523,7.8825526237,5.7303638458,0.0636537522,3.4788792133,2.2514848709,Supersociedades – master_top1000_estados_financieros 2024,,1.2441081481283691,1.2441,51.9,27.9,46.3,41.6,84.0,73.9,89.7,35.4,88.6,60.8,77.2,13.8,31.7,35.0,67.9,34.8,76.5,68.5,16.0,22.2,38.3,40.0,11.1,68.8,51.9,29.3,69.37,62.8,0.0107,0.4,21.5,34.6,7.3,3.152,3.163,5.0,48.51,38.0,46.0,51.9,21.5
Jumbo,CENCOSUD COLOMBIA S.A,900155107,Supermercados,COMERCIO,SI,False,85.0,Líder integral,70.8,88.3,85.1,88.6,92.0,4.2128667831,4.4253172874,5.8300085068,-0.3043746948,2.1562745571,3.6737341881,Supersociedades – master_top1000_estados_financieros 2024,Jumbo = sub-marca Cencosud,0.7226176047918628,0.7226,27.2,14.2,28.7,70.8,88.3,85.1,92.0,59.5,97.5,75.9,83.5,35.9,45.1,0.0,29.6,6.8,14.8,72.0,23.5,24.3,43.2,90.0,84.0,62.5,34.6,46.3,83.64,89.7,-0.0154,0.54,25.0,27.3,5.8,3.731,3.716,45.0,71.26,88.6,68.0,27.2,66.8
Cencosud,CENCOSUD COLOMBIA S.A,900155107,Supermercados,COMERCIO,SI,True,40.3,Débil,21.1,41.4,41.3,46.4,51.4,4.2128667831,4.4253172874,5.8300085068,-0.3043746948,2.1562745571,3.6737341881,Supersociedades – master_top1000_estados_financieros 2024,,0.7226176047918628,0.7226,27.2,51.7,75.6,21.1,41.4,41.3,51.4,16.5,25.3,25.3,22.8,83.4,69.5,55.0,81.5,16.8,30.9,70.6,18.5,56.8,66.7,88.0,79.0,73.8,70.4,58.6,36.9,21.8,-0.0149,0.23,11.5,17.4,19.8,1.705,1.691,42.5,29.06,7.6,40.2,27.2,25.1
Metro,CENCOSUD COLOMBIA S.A,900155107,Supermercados,COMERCIO,SI,False,63.6,Medio,43.1,69.1,70.8,68.6,66.5,4.2128667831,4.4253172874,5.8300085068,-0.3043746948,2.1562745571,3.6737341881,Supersociedades – master_top1000_estados_financieros 2024,Metro = sub-marca Cencosud,0.7226176047918628,0.7226,27.2,6.6,14.6,43.1,69.1,70.8,66.5,36.7,57.0,58.2,36.7,1.9,6.7,0.0,29.6,18.0,33.3,61.5,2.5,8.3,18.5,84.0,74.1,55.0,12.3,26.8,61.19,51.3,-0.0562,0.5,14.0,17.6,9.0,2.687,2.631,92.5,48.24,36.7,39.0,27.2,64.6
Carulla,ALMACENES EXITO S A,890900608,Supermercados,COMERCIO,SI,False,62.0,Erosión activa,13.3,75.2,67.3,73.8,80.3,16.0776882172,15.7321834564,13.9042215347,0.0547863208,7.2157101631,6.6885118484,Supersociedades – master_top1000_estados_financieros 2024,Carulla = sub-marca Grupo Éxito,1.156317034871445,1.1563,48.1,8.5,23.2,13.3,75.2,67.3,80.3,8.9,75.9,54.4,59.5,3.8,22.6,1.6,38.3,20.0,49.4,75.5,37.0,10.3,27.2,70.8,50.6,61.4,30.9,36.4,48.22,33.3,0.0213,0.4,16.6,21.5,10.4,2.767,2.789,2.5,37.95,16.5,34.8,48.1,9.5
OXXO,CADENA COMERCIAL OXXO COLOMBIA SAS,900236520,Supermercados,COMERCIO,SI,True,59.0,Fuerza sin entrega,79.8,62.8,34.6,50.8,67.1,1.0210893154,0.6674016118,1.0332560539,-0.1316208243,0.9675416946,0.0657143667,Supersociedades – master_top1000_estados_financieros 2024,,0.9882248563131308,0.9882,43.2,57.6,82.9,79.8,62.8,34.6,67.1,73.4,44.3,17.7,39.2,100.0,86.0,50.0,77.8,22.8,50.6,87.4,86.4,69.1,75.3,77.2,59.3,81.5,80.2,75.3,58.4,48.7,-0.0426,0.24,13.9,21.5,10.3,1.835,1.793,82.5,37.75,15.2,62.0,43.2,48.9
Makro,MAKRO SUPERMAYORISTA SAS,900059238,Supermercados,COMERCIO,SI,True,56.6,Erosión activa,28.1,74.3,47.3,60.2,73.2,1.7657043934,1.7671205997,1.7091858387,-0.0531839207,0.8368558884,0.8723299503,Supersociedades – master_top1000_estados_financieros 2024,,1.0330675304114314,1.0331,44.4,35.0,56.1,28.1,74.3,47.3,73.2,21.5,74.7,32.9,49.4,29.7,40.2,50.0,77.8,25.2,55.6,79.0,50.6,27.9,46.9,57.0,34.6,75.0,71.6,50.9,51.85,39.7,0.0093,0.4,16.2,16.8,11.2,2.159,2.168,6.2,37.29,13.9,45.3,44.4,10.1
Falabella,FALABELLA DE COLOMBIA S.A.,900017447,Retail Moda,COMERCIO,SI,True,90.5,Líder integral,95.1,83.9,87.1,91.2,95.2,2.3075606823,2.241089344,1.7174608707,0.0134313898,1.3714528084,0.3460081816,Supersociedades – master_top1000_estados_financieros 2024,,1.3435885042082432,1.3436,65.4,70.2,87.8,95.1,83.9,87.1,95.2,97.5,87.3,81.0,88.6,100.0,86.0,55.0,81.5,55.6,97.5,80.4,63.0,82.2,97.5,76.0,58.0,81.2,79.0,74.4,90.19,97.4,-0.0591,0.79,34.6,35.5,10.3,3.89,3.831,93.8,68.98,83.5,85.9,65.4,88.7
Mercado Zapatoca,MERCADO ZAPATOCA S.A.,800106774,Supermercados,COMERCIO,SI,True,32.0,Débil,46.8,31.7,39.0,27.2,15.5,0.8291547894,0.7260370851,0.2956715226,0.0181070492,0.2074186951,0.0882528201,Supersociedades – master_top1000_estados_financieros 2024,,2.8043106150663153,2.8043,85.2,12.5,26.8,46.8,31.7,39.0,15.5,41.8,11.4,20.3,0.0,14.2,34.1,10.0,43.2,13.2,29.6,58.0,0.0,13.8,33.3,74.0,56.8,45.0,1.2,22.8,30.77,14.1,-0.0121,0.21,8.2,10.9,34.6,0.977,0.965,37.5,18.15,0.0,18.4,85.2,18.8
Alkosto,COLOMBIANA DE COMERCIO SA,890900943,Supermercados,COMERCIO,SI,False,82.8,Medio,61.9,87.5,84.5,88.2,91.8,11.8877315521,11.1472349167,5.5494813919,0.4922069907,2.8765022755,2.6729791164,Supersociedades – master_top1000_estados_financieros 2024,Alkosto/Ktronix = operado por Colombiana de Comercio SA,2.14213378018553,2.1421,79.0,26.7,45.1,61.9,87.5,84.5,91.8,49.4,96.2,73.4,82.3,52.9,50.0,1.1,37.0,26.0,61.7,72.0,23.5,42.1,54.3,86.0,76.5,57.8,21.0,43.8,80.51,84.6,-0.005,0.4,21.6,27.5,5.7,3.682,3.677,25.0,53.39,53.2,64.2,79.0,39.1
Claro,COMUNICACIÓN CELULAR S.A.,800153993,Telecomunicaciones,SERVICIOS,SI,True,57.7,Débil,16.5,47.5,52.0,74.8,97.5,15.6020994186,14.8545837402,26.8824272156,0.6926037073,16.9519100189,9.9305181503,Supersociedades – master_top1000_estados_financieros 2024,Claro Colombia opera como Comunicación Celular SA,0.5803828387023783,0.5804,13.6,36.3,57.3,16.5,47.5,52.0,97.5,12.7,29.1,40.5,94.9,77.4,68.3,0.0,29.6,31.6,70.4,77.6,43.2,59.1,67.9,63.0,39.5,70.0,55.6,51.6,44.65,29.5,0.0203,-0.07,26.4,42.5,22.8,2.645,2.665,3.8,56.91,63.3,40.5,13.6,33.5
ETB,EMPRESA DE TELECOMUNICACIONES DE BOGOTÁ S.A. E.S.P.,899999115,Telecomunicaciones,SERVICIOS,SI,True,39.6,Débil,28.9,31.1,31.1,46.0,61.0,1.6752717495,1.6055973768,4.1473741531,-0.091207087,2.0703549385,2.0770189762,Supersociedades – master_top1000_estados_financieros 2024,,0.4039355234559196,0.4039,7.4,26.0,43.9,28.9,31.1,31.1,61.0,24.1,8.9,13.9,29.1,58.0,54.9,0.0,29.6,20.0,49.4,65.0,6.2,42.8,55.6,66.0,43.2,55.0,12.3,29.3,36.14,19.2,-0.0072,0.02,10.0,16.3,23.6,1.66,1.653,30.0,35.36,11.4,24.2,7.4,20.7
Movistar,COLOMBIA TELECOMUNICACIONES S.A. E.S.P. - telefonica,830122566,Telecomunicaciones,SERVICIOS,SI,False,59.2,Débil,30.6,51.9,49.2,71.2,93.2,6.6721792221,7.1184382439,14.4863471985,-0.4669573307,10.9635124207,3.5228347778,Supersociedades – master_top1000_estados_financieros 2024,Movistar = marca Telefónica en Colombia,0.4605839643820545,0.4606,8.6,37.4,58.5,30.6,51.9,49.2,93.2,25.3,32.9,36.7,86.1,4.3,25.0,55.0,81.5,52.8,95.1,75.5,37.0,23.7,40.7,48.0,24.7,83.8,81.5,46.0,51.95,41.0,-0.011,0.06,24.2,40.2,19.8,2.48,2.469,36.2,55.46,58.2,43.5,8.6,47.2
Tigo,Colombia Movil S A E S P,830114921,Telecomunicaciones,SERVICIOS,SI,False,55.3,Débil,32.0,44.3,40.7,66.7,92.6,2.9561576843,2.6959371567,5.6678705215,0.3631399274,5.2697196007,0.3981510699,Supersociedades – master_top1000_estados_financieros 2024,Tigo = marca Colombia Móvil SA ESP,0.5215640817986883,0.5216,11.1,55.6,80.5,32.0,44.3,40.7,92.6,26.6,27.8,24.1,84.8,100.0,86.0,40.0,71.6,26.8,63.0,70.6,18.5,70.7,77.8,70.8,50.6,71.0,58.0,51.2,48.08,32.1,-0.0176,0.13,26.2,32.2,17.6,2.235,2.217,51.2,70.68,86.1,41.7,11.1,68.7
Tigo UNE,UNE EPM TELECOMUNICACIONES S.A.,900092385,Telecomunicaciones,SERVICIOS,SI,False,53.4,Débil,38.2,37.3,49.4,63.8,78.2,2.6332006454,2.7929849625,4.9604849815,0.0149472402,4.560590744,0.3998942375,Supersociedades – master_top1000_estados_financieros 2024,Sub-marca UNE EPM,0.5308353225985873,0.5308,12.3,52.0,76.8,38.2,37.3,49.4,78.2,30.4,17.7,38.0,55.7,100.0,86.0,20.0,61.7,36.0,80.2,68.5,16.0,74.4,86.4,53.0,32.1,62.5,34.6,42.3,48.44,34.6,-0.0125,0.05,19.3,30.4,19.4,2.263,2.251,40.0,47.42,31.6,38.5,12.3,35.8
WOM,PARTNERS TELECOM COLOMBIA SAS,901354361,Telecomunicaciones,SERVICIOS,SI,False,28.7,Crítico,37.4,11.5,4.0,31.6,59.2,0.8705090284,0.8736749887,4.3710150719,-1.3426909447,5.9278988838,-1.5568840504,Supersociedades – master_top1000_estados_financieros 2024,WOM = marca Partners Telecom Colombia SAS,0.1991548905873723,0.1992,6.2,52.9,78.7,37.4,11.5,4.0,59.2,29.1,0.0,0.0,26.6,100.0,86.0,20.0,61.7,38.8,85.2,80.4,63.0,75.5,90.1,40.0,11.1,65.0,45.7,52.5,17.86,0.0,-0.0006,0.16,10.4,16.5,30.8,1.043,1.042,17.5,33.22,8.9,26.2,6.2,13.2
Avianca,AEROVIAS DEL CONTINENTE AMERICANO S.A. AVIANCA,890100577,Aerolíneas,SERVICIOS,SI,True,75.2,Débil,39.6,70.3,81.3,88.8,96.2,15.1060428619,27.1505146027,22.9524860382,1.0980516672,23.2032852173,-0.2507988811,Supersociedades – master_top1000_estados_financieros 2024,,0.6581440823777823,0.6581,23.5,51.2,74.4,39.6,70.3,81.3,96.2,32.9,59.5,69.6,91.1,57.8,53.7,65.0,86.4,30.8,67.9,82.5,69.1,47.0,58.0,48.8,25.9,87.2,86.4,59.9,68.31,60.3,-0.0269,0.53,31.2,30.6,12.6,3.646,3.619,66.2,62.72,75.9,60.1,23.5,71.1
American Airlines,AMERICAN AIRLINES INC. SUCURSAL COLOMBIANA,800095254,Aerolíneas,SERVICIOS,SI,True,51.0,Débil,22.2,36.8,76.1,65.3,54.6,0.5277807713,1.1604942083,0.1139731109,0.0067601502,0.1052071005,0.0087660104,Supersociedades – master_top1000_estados_financieros 2024,,4.6307481399106045,4.6307,96.3,72.2,91.5,22.2,36.8,76.1,54.6,17.7,15.2,63.3,24.1,100.0,86.0,65.0,86.4,51.6,93.8,79.0,50.6,80.6,96.3,65.0,42.0,88.8,90.1,69.8,42.92,26.9,0.0071,0.41,16.9,10.3,10.6,2.549,2.556,10.0,55.72,59.5,48.3,96.3,34.8
United Airlines,UNITED AIRLINES INC,900496730,Aerolíneas,SERVICIOS,SI,True,40.7,Débil,41.1,36.9,58.1,41.9,25.6,0.3226599693,,0.0239289906,0.2694587111,0.0239272509,1.74e-06,Supersociedades – master_top1000_estados_financieros 2024,,13.484061015929358,13.4841,100.0,39.9,62.2,41.1,36.9,58.1,25.6,34.2,16.5,44.3,2.5,35.7,42.7,60.0,82.7,24.0,53.1,77.6,43.2,31.0,48.1,63.8,40.7,86.0,82.7,53.7,38.75,23.1,-0.015,0.43,11.2,6.0,11.7,1.549,1.534,43.8,26.47,5.1,38.4,100.0,24.4
Wingo,AERO REPUBLICA S A,800185781,Aerolíneas,SERVICIOS,SI,True,41.3,Débil,57.9,39.5,25.7,36.4,47.0,0.8282294273,1.6416139603,0.6480510235,0.0501586013,0.5556601286,0.0923909023,Supersociedades – master_top1000_estados_financieros 2024,Wingo Colombia opera bajo entidad jurídica Aero República SA,1.2780312001158347,1.278,59.3,15.2,32.9,57.9,39.5,25.7,47.0,46.8,21.5,10.1,16.5,32.5,41.5,0.0,29.6,13.2,29.6,79.0,50.6,24.8,44.4,38.0,4.9,57.5,19.8,29.9,40.77,24.4,-0.0397,1.07,15.2,13.4,14.5,1.396,1.357,77.5,46.68,29.1,27.1,59.3,53.3
Satena,AEROVIAS DE INTEGRACION REGIONAL S.A.,890704196,Aerolíneas,SERVICIOS,SI,True,38.5,Débil,19.7,53.6,36.1,39.7,43.3,2.3283445835,4.4941864014,1.3858492374,-0.2702955604,1.3465473652,0.0393019319,Supersociedades – master_top1000_estados_financieros 2024,Satena = Aerovías de Integración Regional SA,1.6800850486942007,1.6801,74.1,9.1,24.4,19.7,53.6,36.1,43.3,13.9,36.7,19.0,11.4,13.9,32.9,0.2,34.6,13.2,29.6,80.4,63.0,13.6,32.1,36.8,2.5,56.0,14.8,28.1,35.84,17.9,-0.0225,0.84,9.8,7.5,13.8,1.479,1.456,58.8,41.36,22.8,23.0,74.1,40.8
JetSmart,REGIONAL EXPRESS AMERICAS S.A.S,901187193,Aerolíneas,SERVICIOS,SI,True,32.8,Débil,63.5,33.2,12.9,22.5,32.1,0.3788931966,0.4693977237,0.2316958457,0.0145495096,0.2976044118,-0.0659085512,Supersociedades – master_top1000_estados_financieros 2024,JetSmart Colombia opera como Regional Express Americas SAS,1.6353042302303131,1.6353,71.6,23.4,40.2,63.5,33.2,12.9,32.1,51.9,13.9,3.8,6.3,65.9,59.8,0.2,34.6,4.0,2.5,75.5,37.0,41.1,53.1,39.2,7.4,59.0,22.2,29.9,30.57,12.8,-0.0219,0.43,12.4,10.5,14.5,0.966,0.944,57.5,38.55,20.3,21.4,71.6,38.9
Arturo Calle,COMERCIALIZADORA ARTURO CALLE SAS,900342297,Retail Moda,COMERCIO,SI,True,85.0,Medio,86.5,72.8,92.2,88.6,85.0,0.6383805275,0.6182851195,0.3500554264,0.0227825996,0.157893151,0.1921622753,Supersociedades – master_top1000_estados_financieros 2024,,1.8236555681057711,1.8237,76.5,15.0,31.7,86.5,72.8,92.2,85.0,81.0,70.9,92.4,69.6,4.5,26.8,15.0,51.9,25.6,56.8,86.0,84.0,12.9,29.6,40.0,11.1,63.8,37.0,40.4,83.82,91.0,0.0073,0.23,25.6,34.9,9.0,3.947,3.954,8.8,61.34,72.2,65.7,76.5,40.5
Tennis (clothing),TENNIS S.A,890920043,Retail Moda,MANUFACTURA,SI,True,57.1,Fuerza sin entrega,74.7,58.0,39.4,51.0,62.5,0.3128433526,0.2807689905,0.4528031945,0.0111341802,0.276124835,0.1766783446,Supersociedades – master_top1000_estados_financieros 2024,,0.6909035899038914,0.6909,24.7,7.9,19.5,74.7,58.0,39.4,62.5,64.6,41.8,22.8,34.2,0.4,1.2,10.0,43.2,13.2,29.6,73.4,29.6,5.5,9.9,53.0,32.1,60.0,24.7,24.1,57.15,47.4,-0.0047,0.24,15.4,17.2,10.8,1.822,1.818,23.8,48.71,40.5,35.8,24.7,32.1
H&M,H&M HENNES & MAURITZ COLOMBIA SAS,900924527,Retail Moda,COMERCIO,SI,True,54.1,Fuerza sin entrega,82.5,67.4,18.2,40.2,62.1,0.8170516491,0.7057403326,0.6793109179,0.0304683391,0.2946041822,0.3847067356,Supersociedades – master_top1000_estados_financieros 2024,,1.2027653723361422,1.2028,50.6,75.0,96.3,82.5,67.4,18.2,62.1,74.7,53.2,6.3,32.9,100.0,86.0,85.0,96.3,40.0,86.4,84.6,77.8,76.0,91.4,50.0,29.6,93.8,96.3,73.8,50.07,35.9,-0.0343,0.4,21.2,23.3,11.5,1.441,1.406,73.8,52.7,49.4,54.8,50.6,61.6
Koaj,INTERNACIONAL DE DISTRIBUCIONES DE VESTUARIO DE MODA SAS,811017000,Retail Moda,MANUFACTURA,SI,True,64.2,Fuerza sin entrega,90.8,73.3,33.1,52.4,71.7,0.8731862903,0.9559486508,0.312104702,0.03809027,0.1326702535,0.1794344336,Supersociedades – master_top1000_estados_financieros 2024,Koaj = Internacional de Distribuciones de Vestuario de Moda SAS,2.797735134089713,2.7977,82.7,14.2,28.7,90.8,73.3,33.1,71.7,92.4,72.2,15.2,46.8,35.8,43.9,0.0,29.6,6.8,14.8,65.0,6.2,24.2,42.0,82.0,69.1,52.5,6.2,30.9,63.04,55.1,-0.0058,0.4,25.2,28.7,9.6,1.809,1.804,27.5,60.06,68.4,43.0,82.7,48.0
Chevignon,PERMODA LTDA,860516806,Retail Moda,MANUFACTURA,SI,False,56.7,Potencial no realizado,87.4,40.9,52.8,51.8,50.8,0.9791915417,0.9402025342,1.4092737436,-0.0097492803,0.9370803833,0.4721933007,Supersociedades – master_top1000_estados_financieros 2024,Chevignon = marca; Permoda Ltda es la empresa,0.6948199710289416,0.6948,25.9,9.4,25.6,87.4,40.9,52.8,50.8,86.1,24.1,41.8,20.3,15.0,35.4,0.0,29.6,13.2,29.6,72.0,23.5,14.3,34.6,66.8,44.4,56.0,14.8,29.3,55.65,44.9,-0.0086,0.21,19.1,24.7,17.9,1.936,1.927,31.2,53.01,50.6,37.1,25.9,40.9
Totto,NALSANI S.A.S,800020706,Retail Moda,MANUFACTURA,SI,False,,,,,,,,0.7516927719,0.7594006658,0.5772244334,0.0225639194,0.374792695,0.2024317533,Supersociedades – master_top1000_estados_financieros 2024,Totto = marca; Nalsani SAS es la empresa,1.3022539040357954,1.3023,61.7,7.8,18.3,,,,,,,,,3.5,18.9,0.0,29.6,20.0,49.4,82.5,69.1,10.1,24.7,70.8,50.6,61.0,29.6,43.5,,,-0.0251,0.39,34.7,50.4,3.9,4.857,4.832,63.7,42.72,25.3,43.5,61.7,44.5
Postobón,POSTOBON S.A.,890903939,Bebidas,MANUFACTURA,SI,True,86.8,Medio,77.8,76.5,89.7,93.2,96.7,2.8467004299,2.9373836517,3.3808317184,0.0440745801,1.8289060593,1.5519256592,Supersociedades – master_top1000_estados_financieros 2024,,0.8420118677918754,0.842,32.1,20.3,36.6,77.8,76.5,89.7,96.7,72.2,78.5,87.3,92.4,0.5,2.4,30.0,65.4,30.4,66.7,84.6,77.8,12.5,28.4,44.8,19.8,73.5,69.1,48.8,84.76,92.3,-0.0292,0.17,24.5,31.2,7.8,4.118,4.089,70.0,56.26,60.8,70.5,32.1,65.4
Colombiana Postobón,POSTOBON S.A.,890903939,Bebidas,MANUFACTURA,SI,False,82.7,Medio,73.8,71.8,80.7,89.3,97.8,2.8467004299,2.9373836517,3.3808317184,0.0440745801,1.8289060593,1.5519256592,Supersociedades – master_top1000_estados_financieros 2024,Sub-marca Postobón,0.8420118677918754,0.842,32.1,2.2,2.4,73.8,71.8,80.7,97.8,63.3,65.8,68.4,96.2,2.5,11.0,0.0,29.6,4.0,2.5,86.0,84.0,1.6,1.2,40.8,14.8,61.0,29.6,32.4,80.42,83.3,-0.007,0.23,23.4,30.1,11.0,3.683,3.676,28.7,53.79,54.4,57.8,32.1,41.5
Manzana Postobón,POSTOBON S.A.,890903939,Bebidas,MANUFACTURA,SI,False,76.1,Medio,90.1,63.3,55.2,75.7,96.1,2.8467004299,2.9373836517,3.3808317184,0.0440745801,1.8289060593,1.5519256592,Supersociedades – master_top1000_estados_financieros 2024,Sub-marca Postobón,0.8420118677918754,0.842,32.1,5.4,11.0,90.1,63.3,55.2,96.1,89.9,46.8,43.0,89.9,3.0,13.4,0.0,29.6,13.2,29.6,80.4,63.0,5.3,8.6,68.0,46.9,57.5,19.8,34.6,74.16,67.9,0.0021,0.23,22.9,31.6,11.5,2.722,2.724,13.8,47.99,34.2,51.2,32.1,24.0
Quatro,POSTOBON S.A.,890903939,Bebidas,MANUFACTURA,SI,False,60.0,Fuerza sin entrega,89.1,64.6,25.9,48.7,71.4,2.8467004299,2.9373836517,3.3808317184,0.0440745801,1.8289060593,1.5519256592,Supersociedades – master_top1000_estados_financieros 2024,Sub-marca Postobón,0.8420118677918754,0.842,32.1,5.0,7.9,89.1,64.6,25.9,71.4,88.6,49.4,11.4,45.6,1.9,6.7,0.0,29.6,13.2,29.6,68.5,16.0,5.3,8.6,82.0,69.1,52.5,6.2,25.0,57.12,46.2,-0.0259,0.16,19.8,26.9,12.7,1.714,1.688,65.0,50.44,44.3,35.6,32.1,54.6
Coca-Cola,Coca-Cola Bebidas de Colombia,830047819,Bebidas,COMERCIO,SI,True,92.2,Medio,96.3,71.9,96.0,97.7,99.4,0.5373360515,0.6188868284,0.2969440222,0.0259150602,0.2399036735,0.0570403486,Supersociedades – master_top1000_estados_financieros 2024,,1.8095533545985625,1.8096,75.3,65.7,85.4,96.3,71.9,96.0,99.4,98.7,67.1,96.2,100.0,61.0,56.1,100.0,100.0,36.0,80.2,98.6,100.0,51.0,59.3,67.0,45.7,100.0,100.0,76.2,90.16,96.2,-0.0598,0.37,43.3,46.8,11.2,5.129,5.069,95.0,62.82,77.2,86.2,75.3,86.1
Bavaria,BAVARIA & CIA S.C.A,860005224,Cervezas,MANUFACTURA,SI,True,,,,,,,,8.6157741547,8.0129432678,13.6144351959,2.3062546253,9.470246315,4.1441893578,Supersociedades – master_top1000_estados_financieros 2024,"Holding Bavaria: Águila, Club Colombia, Poker, Corona, Budweiser, Stella",0.632841100693964,0.6328,14.8,7.6,15.9,,,,,,,,,2.8,12.2,0.1,32.1,20.0,49.4,79.0,50.6,9.7,21.0,73.2,54.3,64.0,40.7,41.6,,,-0.0543,,,0.0,0.0,4.33,4.276,91.2,,,41.6,14.8,91.2
Aguila,CERVECERIA DEL VALLE SAS,900136638,Cervezas,MANUFACTURA,SI,False,69.9,Medio,70.5,54.6,59.9,74.7,89.5,1.5268064737,1.3524198532,1.7506835461,0.4532254934,0.9369008541,0.8137826324,Supersociedades – master_top1000_estados_financieros 2024,Águila = marca Bavaria; Cervecería del Valle es planta Cali,0.8721201939101265,0.8721,38.3,42.9,63.4,70.5,54.6,59.9,89.5,58.2,39.2,46.8,75.9,52.1,48.8,25.0,64.2,51.6,93.8,80.4,63.0,51.9,61.7,73.2,54.3,70.2,56.8,59.0,67.4,57.7,-0.024,0.39,28.8,31.9,13.5,2.78,2.756,61.3,53.02,51.9,58.4,38.3,56.6
Corona (beer),BAVARIA & CIA S.C.A,860005224,Cervezas,MANUFACTURA,SI,False,81.8,Medio,90.4,71.4,81.7,82.4,83.0,8.6157741547,8.0129432678,13.6144351959,2.3062546253,9.470246315,4.1441893578,Supersociedades – master_top1000_estados_financieros 2024,Sub-marca Bavaria,0.632841100693964,0.6328,14.8,30.3,48.8,90.4,71.4,81.7,83.0,91.1,63.3,70.9,64.6,0.9,3.7,70.0,87.7,20.0,49.4,91.6,96.3,8.5,19.8,96.8,96.3,88.5,88.9,75.3,81.34,87.2,-0.029,0.15,35.6,33.2,10.4,3.354,3.325,68.8,65.3,79.7,81.2,14.8,74.2
Club Colombia,BAVARIA & CIA S.C.A,860005224,Cervezas,MANUFACTURA,SI,False,78.7,Medio,77.0,80.7,67.9,78.6,89.4,8.6157741547,8.0129432678,13.6144351959,2.3062546253,9.470246315,4.1441893578,Supersociedades – master_top1000_estados_financieros 2024,Sub-marca Bavaria,0.632841100693964,0.6328,14.8,45.7,65.9,77.0,80.7,67.9,89.4,68.4,83.5,55.7,74.7,74.1,63.4,25.0,64.2,38.0,84.0,84.6,77.8,59.7,69.1,90.0,84.0,68.8,51.9,70.7,78.37,78.2,-0.0187,0.34,37.9,35.6,13.2,2.988,2.969,52.5,73.52,94.9,74.5,14.8,73.7
Poker (beer),BAVARIA & CIA S.C.A,860005224,Cervezas,MANUFACTURA,SI,False,51.8,Débil,39.5,21.7,47.8,65.9,84.1,8.6157741547,8.0129432678,13.6144351959,2.3062546253,9.470246315,4.1441893578,Supersociedades – master_top1000_estados_financieros 2024,Sub-marca Bavaria,0.632841100693964,0.6328,14.8,48.9,70.7,39.5,21.7,47.8,84.1,31.6,5.1,34.2,65.8,100.0,86.0,15.0,51.9,31.6,70.4,73.4,29.6,72.6,80.2,88.0,79.0,63.8,37.0,56.5,43.08,28.2,-0.0124,0.42,23.4,22.9,23.0,2.32,2.307,38.8,50.34,43.0,42.4,14.8,40.9
Budweiser,BAVARIA & CIA S.C.A,860005224,Cervezas,MANUFACTURA,SI,False,58.1,Fuerza sin entrega,67.6,63.5,45.6,53.2,60.8,8.6157741547,8.0129432678,13.6144351959,2.3062546253,9.470246315,4.1441893578,Supersociedades – master_top1000_estados_financieros 2024,Sub-marca Bavaria,0.632841100693964,0.6328,14.8,8.1,20.7,67.6,63.5,45.6,60.8,54.4,48.1,30.4,27.8,17.1,36.6,0.3,35.8,6.8,14.8,86.0,84.0,13.0,30.9,96.8,96.3,71.1,59.3,67.6,58.74,50.0,-0.0215,0.13,14.9,19.3,16.8,1.954,1.933,56.2,45.53,27.8,58.8,14.8,42.0
Stella Artois,BAVARIA & CIA S.C.A,860005224,Cervezas,MANUFACTURA,SI,False,48.1,Fuerza sin entrega,84.1,52.3,39.2,34.7,30.1,8.6157741547,8.0129432678,13.6144351959,2.3062546253,9.470246315,4.1441893578,Supersociedades – master_top1000_estados_financieros 2024,Sub-marca Bavaria,0.632841100693964,0.6328,14.8,8.3,22.0,84.1,52.3,39.2,30.1,77.2,34.2,21.5,5.1,12.4,30.5,5.6,39.5,6.8,14.8,87.4,86.4,10.2,25.9,96.0,90.1,71.4,61.7,66.0,47.73,30.8,-0.0169,0.09,22.1,17.6,24.7,1.316,1.299,48.8,40.01,21.5,48.4,14.8,35.1
Heineken,CENTRAL CERVECERA DE COLOMBIA SAS,900785905,Cervezas,COMERCIO,SI,True,64.7,Medio,45.1,79.2,58.3,66.4,74.5,0.8867977858,0.8169698715,0.7074736357,-0.0993503332,0.549755156,0.1577184945,Supersociedades – master_top1000_estados_financieros 2024,Central Cervecera de Colombia SAS = JV Heineken–Bavaria,1.2534711416102031,1.2535,56.8,14.7,30.5,45.1,79.2,58.3,74.5,40.5,81.0,45.6,51.9,24.6,37.8,6.3,40.7,13.2,29.6,89.5,92.6,20.0,37.0,49.2,27.2,73.1,67.9,56.2,62.76,53.8,-0.0169,0.18,20.4,21.4,13.2,2.505,2.488,48.8,58.42,65.8,55.0,56.8,57.3
Toyota,AUTOMOTORES TOYOTA COLOMBIA SAS,900780510,Automóviles,COMERCIO,SI,True,90.9,Líder integral,92.7,85.3,98.6,92.2,85.8,4.0282301903,4.1632552147,0.9784473181,0.3522085547,0.6233094335,0.355137825,Supersociedades – master_top1000_estados_financieros 2024,,4.116961757452847,4.117,95.1,74.8,95.1,92.7,85.3,98.6,85.8,93.7,92.4,100.0,70.9,100.0,86.0,90.0,97.5,34.4,75.3,91.6,96.3,73.8,85.2,80.8,64.2,96.0,97.5,85.8,90.44,98.7,-0.0613,0.25,27.9,8.8,10.1,5.011,4.949,96.2,72.15,92.4,92.2,95.1,94.3
Renault,RENAULT SOCIEDAD DE FABRICACION DE AUTOMOTORES S.A.S,860025792,Automóviles,MANUFACTURA,SI,True,84.2,Medio,67.0,81.9,92.5,90.6,88.7,2.4260392189,2.8191800117,1.1846613884,-0.0771251917,1.013363719,0.1712975949,Supersociedades – master_top1000_estados_financieros 2024,,2.0478756568377747,2.0479,77.8,76.0,97.6,67.0,81.9,92.5,88.7,53.2,84.8,93.7,73.4,100.0,86.0,80.0,93.8,48.0,91.4,82.5,69.1,79.2,95.1,96.8,96.3,91.0,93.8,88.6,81.91,88.5,-0.0137,0.41,32.7,21.1,8.7,4.09,4.077,41.2,79.11,97.5,88.5,77.8,69.3
Nissan,"""""""DISTRIBUIDORA NISSAN S.A. _x000D_""""_x000D_""",860001307,Automóviles,COMERCIO,SI,True,80.8,Medio,92.8,66.4,90.9,81.5,72.1,1.7037876844,1.4853339195,1.2723827362,0.0393152609,0.7004830837,0.5718997121,Supersociedades – master_top1000_estados_financieros 2024,,1.3390528147909335,1.3391,64.2,72.7,93.9,92.8,66.4,90.9,72.1,94.9,51.9,89.9,48.1,100.0,86.0,80.0,93.8,38.0,84.0,80.4,63.0,75.2,88.9,78.0,60.5,90.0,92.6,76.2,79.72,82.1,-0.0239,0.36,22.1,10.8,10.9,3.592,3.568,60.0,67.11,81.0,79.2,64.2,70.5
Mazda,MAZDA DE COLOMBIA SAS,900703240,Automóviles,COMERCIO,SI,True,80.0,Medio,84.9,70.5,88.1,81.5,74.8,1.8691416979,1.9212305546,0.6185621619,0.0655993074,0.2911103368,0.3274518251,Supersociedades – master_top1000_estados_financieros 2024,,3.0217524010176606,3.0218,87.7,68.5,86.6,84.9,70.5,88.1,74.8,78.5,60.8,83.5,53.2,100.0,86.0,75.0,90.1,30.4,66.7,86.0,84.0,72.2,79.0,95.2,88.9,87.8,87.7,84.9,79.25,79.5,0.0075,0.4,21.5,9.3,10.0,3.462,3.47,7.5,68.79,82.3,82.2,87.7,44.9
Suzuki,SUZUKI MOTOR DE COLOMBIA SA,891410137,Automóviles,MANUFACTURA,SI,True,75.6,Medio,83.6,71.5,69.5,74.4,79.2,1.1852470636,1.0179537535,1.0418510437,0.144157514,0.2687386572,0.7731123567,Supersociedades – master_top1000_estados_financieros 2024,,1.1376358172956738,1.1376,46.9,72.3,92.7,83.6,71.5,69.5,79.2,75.9,64.6,57.0,58.2,100.0,86.0,75.0,90.1,42.0,88.9,80.4,63.0,76.8,92.6,94.0,86.4,86.2,84.0,81.5,75.74,70.5,-0.0407,0.63,18.6,12.2,11.2,2.838,2.798,80.0,60.55,69.6,76.0,46.9,74.8
Ford,FORD MOTOR COLOMBIA S A S,900780755,Automóviles,COMERCIO,SI,True,76.6,Medio,77.6,72.2,85.5,77.7,69.8,1.0305309296,1.2293324471,0.4054955542,0.0148271797,0.3905363977,0.0149591798,Supersociedades – master_top1000_estados_financieros 2024,,2.5414111669685973,2.5414,80.2,37.7,59.8,77.6,72.2,85.5,69.8,70.9,69.6,77.2,41.8,76.9,67.1,16.2,53.1,20.0,49.4,84.6,77.8,8.0,17.3,98.0,98.8,76.5,74.1,67.0,76.04,73.1,-0.0427,0.12,13.4,6.2,14.7,3.304,3.261,83.8,50.91,46.8,70.0,80.2,65.3
Kia,METROKIA SA,830078966,Automóviles,COMERCIO,SI,False,77.9,Medio,88.5,68.8,87.0,77.5,68.0,1.9010121822,1.1012929678,1.2755075693,0.0642158389,0.8280782104,0.4474292994,Supersociedades – master_top1000_estados_financieros 2024,MetroKia SA = importador exclusivo Kia en Colombia,1.4903966295106172,1.4904,69.1,33.5,54.9,88.5,68.8,87.0,68.0,87.3,55.7,79.7,40.5,74.4,64.6,0.1,32.1,26.0,61.7,82.5,69.1,55.0,64.2,95.2,88.9,69.0,54.3,69.1,77.47,75.6,-0.0197,0.35,20.0,10.6,9.4,3.289,3.269,55.0,63.69,78.5,72.3,69.1,66.8
Hyundai,HYUNDAI COLOMBIA S.A.S.,901489734,Automóviles,COMERCIO,SI,True,69.1,Medio,71.1,59.8,71.7,71.5,71.3,0.6357067227,0.4198328555,0.1882155538,0.0102637904,0.1003920734,0.0878234878,Supersociedades – master_top1000_estados_financieros 2024,,3.3775461690881787,3.3775,92.6,70.7,89.0,71.1,59.8,71.7,71.3,60.8,43.0,59.5,44.3,100.0,86.0,80.0,93.8,32.0,71.6,80.4,63.0,72.8,81.5,63.0,39.5,90.0,92.6,69.2,68.28,59.0,-0.0424,0.7,14.6,8.2,11.4,2.79,2.747,81.2,57.13,64.6,64.1,92.6,72.9
BMW,AUTOGERMANA S.A.S,860509514,Automóviles,COMERCIO,SI,False,77.6,Medio,87.2,62.9,95.4,79.2,63.1,0.9166112542,0.9834742546,0.8461524844,0.0406582393,0.719745338,0.1264071614,Supersociedades – master_top1000_estados_financieros 2024,Autogermana SAS = importador exclusivo BMW y Mini en Colombia,1.0832695892277169,1.0833,45.7,38.6,61.0,87.2,62.9,95.4,63.1,84.8,45.6,94.9,35.4,75.0,65.9,14.7,44.4,26.0,61.7,94.4,97.5,55.4,65.4,80.8,64.2,77.2,75.3,75.6,75.8,71.8,-0.0108,0.4,22.6,5.6,17.9,3.831,3.82,33.8,56.39,62.0,73.7,45.7,47.9
Chevrolet,GENERAL MOTORS - COLMOTORES S.A.,860002304,Automóviles,MANUFACTURA,SI,False,73.5,Erosión activa,25.0,75.5,87.5,89.0,90.4,1.2123627663,2.5712044239,1.3553904295,-0.769318223,1.7446196079,-0.3892291784,Supersociedades – master_top1000_estados_financieros 2024,Chevrolet = marca GM; Colmotores es la entidad jurídica,0.8944749349803491,0.8945,42.0,77.0,98.8,25.0,75.5,87.5,90.4,19.0,77.2,82.3,78.5,100.0,86.0,85.0,96.3,46.0,90.1,79.0,50.6,78.4,93.8,96.8,96.3,92.2,95.1,83.9,62.16,52.6,-0.0456,0.2,22.3,18.1,11.6,3.805,3.759,86.2,62.34,74.7,68.2,42.0,80.5
Rappi,Rappi SAS,900843898,E-commerce,SERVICIOS,SI,True,80.9,Medio,93.8,78.3,64.3,77.5,90.8,0.7031469941,0.5532477498,0.7924762368,0.0972503498,0.6007474065,0.1917288452,Supersociedades – master_top1000_estados_financieros 2024,,0.8872783327097488,0.8873,40.7,71.2,90.2,93.8,78.3,64.3,90.8,96.2,79.7,50.6,79.7,100.0,86.0,50.0,77.8,63.6,100.0,89.5,92.6,85.4,100.0,46.0,22.2,80.0,77.8,73.1,80.92,85.9,-0.0504,0.52,25.1,24.9,11.8,2.898,2.847,90.0,52.35,48.1,79.5,40.7,69.0
Mercado Libre,MERCADOLIBRE COLOMBIA LTDA,830067394,E-commerce,SERVICIOS,SI,True,89.8,Líder integral,85.7,84.9,91.9,92.9,93.8,1.8581854105,1.4519817829,0.6458307505,0.0149849802,0.5509925485,0.0948382318,Supersociedades – master_top1000_estados_financieros 2024,,2.8772018196120253,2.8772,86.4,56.5,81.7,85.7,84.9,91.9,93.8,79.7,91.1,91.1,87.3,63.5,57.3,63.9,84.0,42.0,88.9,89.5,92.6,54.9,63.0,96.8,96.3,87.0,85.2,84.3,88.99,94.9,0.0052,0.21,34.6,34.3,5.5,4.141,4.146,12.5,72.08,91.1,89.6,86.4,51.8
Sura,GRUPO DE INVERSIONES SURAMERICANA S.A.,811012271,Seguros,SERVICIOS,SI,True,82.3,Medio,60.0,83.8,96.8,89.3,81.7,1.2451349497,1.2193889618,30.9646911621,5.3317761421,9.5324783325,21.4322128296,Supersociedades – master_top1000_estados_financieros 2024,,0.0402114441633447,0.0402,0.0,59.3,84.1,60.0,83.8,96.8,81.7,48.1,86.1,97.5,62.0,100.0,86.0,40.0,71.6,38.0,84.0,80.4,63.0,75.2,88.9,42.0,18.5,72.5,66.7,59.3,79.41,80.8,-0.0034,0.21,34.6,46.5,7.5,4.477,4.473,21.2,71.03,87.3,70.0,0.0,54.2
Seguros Bolivar,GRUPO BOLIVAR S. A.,830025448,Seguros,SERVICIOS,SI,True,57.9,Débil,10.5,52.8,88.8,75.4,62.0,1.576099515,1.0913519859,16.6380805969,1.799429059,1.6832101345,14.9548711777,Supersociedades – master_top1000_estados_financieros 2024,,0.0947284457375244,0.0947,2.5,47.7,69.5,10.5,52.8,88.8,62.0,7.6,35.4,84.8,31.6,100.0,86.0,20.0,61.7,23.2,51.9,73.4,29.6,69.3,76.5,38.0,4.9,62.5,34.6,36.4,41.8,25.6,-0.0041,0.27,17.5,29.1,11.4,3.201,3.197,22.5,54.49,55.7,31.0,2.5,39.1
Colpatria,MERCANTIL COLPATRIA SA,830034723,Bancos,SERVICIOS,SI,True,38.9,Débil,4.1,24.0,44.2,55.5,66.8,0.7221480012,,7.6145238876,0.380528003,0.5812100172,7.0333142281,Supersociedades – master_top1000_estados_financieros 2024,,0.0948382343873126,0.0948,3.7,46.4,68.3,4.1,24.0,44.2,66.8,2.5,6.3,29.1,38.0,100.0,86.0,20.0,61.7,19.2,37.0,68.5,16.0,67.7,74.1,36.8,2.5,61.0,29.6,30.5,23.22,5.1,-0.0368,0.24,12.9,17.8,22.4,1.999,1.962,75.0,38.03,17.7,17.8,3.7,46.4
Grupo Aval,GRUPO AVAL ACCIONES Y VALORES S A,800216181,Bancos,COMERCIO,SI,True,44.1,Débil,21.0,19.1,47.0,60.2,73.3,1.3767743111,1.1740900278,20.9402427673,0.9998861551,2.9715390205,17.9687042236,Supersociedades – master_top1000_estados_financieros 2024,,0.0657477721915407,0.0657,1.2,33.2,52.4,21.0,19.1,47.0,73.3,15.2,2.5,31.6,50.6,28.5,39.0,45.0,74.1,26.0,61.7,72.0,23.5,27.5,45.7,55.0,33.3,71.2,60.5,40.8,34.29,16.7,-0.0052,0.19,12.3,29.8,19.2,2.175,2.17,26.2,35.21,10.1,28.8,1.2,18.1
Terpel,ORGANIZACIÓN TERPEL S.A.,830095213,Combustibles,COMERCIO,SI,True,73.8,Medio,50.7,70.7,84.6,82.6,80.6,24.7520122528,23.0482845306,7.9712119102,0.5307559371,4.6218252182,3.349386692,Supersociedades – master_top1000_estados_financieros 2024,,3.1051755406385833,3.1052,90.1,52.9,78.7,50.7,70.7,84.6,80.6,44.3,62.0,74.7,60.8,100.0,86.0,40.0,71.6,18.8,34.6,79.0,50.6,67.5,72.8,90.0,84.0,72.5,66.7,68.5,70.31,64.1,-0.0333,0.24,44.5,46.3,10.5,3.444,3.411,72.5,87.51,100.0,66.3,90.1,86.2
Primax,PRIMAX COLOMBIA S.A.,860002554,Combustibles,COMERCIO,SI,True,38.6,Débil,7.2,37.5,50.0,49.5,48.9,10.5211191177,9.0453796387,2.0426442623,0.1587905288,1.4882880449,0.5543561578,Supersociedades – master_top1000_estados_financieros 2024,,5.150734913505355,5.1507,97.5,44.4,64.6,7.2,37.5,50.0,48.9,3.8,19.0,39.2,17.7,85.3,70.7,20.0,61.7,28.0,64.2,66.4,8.6,62.4,70.4,84.0,74.1,60.0,24.7,44.4,28.5,11.5,0.0056,0.4,25.0,26.5,10.0,1.812,1.818,11.2,62.09,73.4,27.9,97.5,42.3
Biomax,BIOMAX BIOCOMBUSTIBLES S.A.,830136799,Combustibles,COMERCIO,SI,True,30.1,Crítico,15.5,32.5,30.9,34.3,37.6,4.512550354,3.7636322975,1.6102186441,0.104735069,1.0392065048,0.5710121393,Supersociedades – master_top1000_estados_financieros 2024,,2.802445724085006,2.8024,84.0,33.3,53.7,15.5,32.5,30.9,37.6,11.4,12.7,12.7,7.6,65.7,58.5,15.0,51.9,19.2,37.0,68.5,16.0,7.7,14.8,82.0,69.1,56.2,16.0,29.0,27.66,7.7,-0.079,1.23,12.1,16.2,17.2,1.33,1.251,97.5,48.13,35.4,18.4,84.0,66.5
Petrobras,PETROBRAS COLOMBIA COMBUSTIBLES S.A,900047822,Combustibles,COMERCIO,SI,True,23.5,Crítico,8.4,20.2,18.1,29.7,41.2,1.2778656483,1.1169388294,0.229367435,0.0160197802,0.1105999202,0.1187675223,Supersociedades – master_top1000_estados_financieros 2024,,5.571260141179152,5.5713,98.8,19.8,35.4,8.4,20.2,18.1,41.2,6.3,3.8,5.1,8.9,3.6,20.7,45.0,74.1,10.8,16.0,80.4,63.0,6.5,12.3,61.0,37.0,78.8,76.5,47.2,18.86,1.3,-0.0476,0.98,10.5,13.9,18.6,1.188,1.141,87.5,35.91,12.7,24.2,98.8,50.1
Texaco,CHEVRON PETROLEUM COMPANY,860005223,Combustibles,COMERCIO,SI,False,56.7,Débil,0.7,53.7,75.3,76.3,77.4,5.8689861298,5.7209057808,1.6709430218,0.0812610015,1.1079030037,0.5630400181,Supersociedades – master_top1000_estados_financieros 2024,Texaco = marca; operada por Chevron Petroleum en Colombia,3.512379568441368,3.5124,93.8,5.0,7.9,0.7,53.7,75.3,77.4,0.0,38.0,62.0,54.4,1.9,6.7,0.0,29.6,13.2,29.6,77.6,43.2,6.4,11.1,74.0,56.8,65.0,45.7,39.2,21.63,3.8,-0.144,1.45,29.0,28.3,10.4,3.029,2.885,100.0,75.09,96.2,21.5,93.8,98.1
Farmatodo,FARMATODO COLOMBIA SA,830129327,Farmacias,COMERCIO,SI,True,81.2,Medio,53.0,87.2,88.9,88.6,88.3,1.5713480711,1.2436776161,1.0193240643,0.0195559599,0.8593302369,0.1599938571,Supersociedades – master_top1000_estados_financieros 2024,,1.5415588880255575,1.5416,70.4,46.0,67.1,53.0,87.2,88.9,88.3,45.6,94.9,86.1,72.2,100.0,86.0,20.0,61.7,18.0,33.3,75.5,37.0,67.2,71.6,39.2,7.4,64.0,40.7,39.2,77.61,76.9,0.0005,0.16,29.2,27.8,6.8,3.776,3.777,16.2,73.04,93.7,58.1,70.4,55.0
Cruz Verde,DROGUERIAS Y FARMACIAS CRUZ VERDE SAS,800149695,Farmacias,COMERCIO,SI,True,75.0,Medio,44.4,84.1,79.7,82.2,84.7,5.5116462708,5.1494660378,4.145775795,0.0558912382,3.4444048405,0.7013709545,Supersociedades – master_top1000_estados_financieros 2024,,1.329460767619731,1.3295,63.0,49.4,72.0,44.4,84.1,79.7,84.7,39.2,89.9,64.6,68.4,100.0,86.0,15.0,51.9,33.2,74.1,73.4,29.6,73.3,84.0,40.8,14.8,64.8,43.2,42.9,70.86,66.7,-0.0441,0.98,31.8,38.2,10.8,3.301,3.257,85.0,54.51,57.0,54.8,63.0,71.0
Droguerías Olímpica,SUPERTIENDAS Y DROGUERIAS OLIMPICA S.A,890107487,Farmacias,COMERCIO,SI,False,65.5,Erosión activa,14.8,72.0,82.0,80.3,78.5,7.1291923523,7.8825526237,5.7303638458,0.0636537522,3.4788792133,2.2514848709,Supersociedades – master_top1000_estados_financieros 2024,Sub-canal farmacia de Supertiendas Olímpica,1.2441081481283691,1.2441,51.9,7.7,17.1,14.8,72.0,82.0,78.5,10.1,68.4,72.2,57.0,3.2,15.9,0.0,29.6,20.0,49.4,66.4,8.6,9.9,22.2,35.2,0.0,54.0,8.6,9.8,51.18,38.5,-0.1006,0.86,19.2,24.7,11.4,3.252,3.151,98.8,42.37,24.1,24.1,51.9,61.5
Frisby,FRISBY S.A. BIC,891408584,Restaurantes QSR,SERVICIOS,SI,True,97.1,Líder integral,97.3,95.2,98.0,97.6,97.3,0.9699328542,0.8532492518,0.6527582407,0.0630318001,0.4795682728,0.173189953,Supersociedades – master_top1000_estados_financieros 2024,,1.4858990568389772,1.4859,67.9,19.3,34.1,97.3,95.2,98.0,97.3,100.0,98.7,98.7,93.7,7.6,28.0,15.0,51.9,35.2,77.8,89.5,92.6,18.6,35.8,42.0,18.5,66.2,46.9,48.4,96.94,100.0,-0.0297,0.23,40.8,43.3,3.9,5.239,5.209,71.2,71.82,89.9,74.2,67.9,80.6
McDonald's,|ARCOS DORADOS COLOMBIA SAS,800244387,Restaurantes QSR,SERVICIOS,SI,False,72.9,Medio,75.1,55.2,65.3,78.1,90.9,0.7574146986,0.6755391359,0.5542196631,0.00013782,0.4307226241,0.1234970391,Supersociedades – master_top1000_estados_financieros 2024,McDonald's = franquicia de Arcos Dorados,1.3666326711748888,1.3666,66.7,85.5,100.0,75.1,55.2,65.3,90.9,65.8,40.5,51.9,81.0,100.0,86.0,95.0,98.8,61.6,98.8,96.5,98.8,84.6,98.8,100.0,100.0,98.8,98.8,99.1,70.43,65.4,-0.0402,0.18,22.7,23.5,14.7,2.924,2.884,78.8,48.59,39.2,82.2,66.7,59.0
KFC,IRCC S.A.S INDUSTRIA DE RESTAURANTES CASUALES S.A.S,860533413,Restaurantes QSR,SERVICIOS,SI,False,,,,,,,,0.7405496836,0.6956737041,0.5945175886,0.0218063891,0.5130996108,0.0814180002,Supersociedades – master_top1000_estados_financieros 2024,KFC Colombia = IRCC Industria de Restaurantes Casuales SAS,1.245631244222536,1.2456,55.6,22.3,39.0,70.1,80.7,61.6,84.3,57.0,83.5,48.1,67.1,46.8,46.3,0.0,29.6,20.0,49.4,91.6,96.3,36.1,49.4,50.0,29.6,72.5,66.7,60.5,,,,,,,,,,,,,60.5,55.6,
El Corral,GRASAS S.A.,891300529,Restaurantes QSR,MANUFACTURA,SI,False,66.4,Medio,62.7,73.7,48.5,65.3,82.1,0.8639211655,0.8520500064,0.5265423059,0.0544592217,0.2268327177,0.2997095883,Supersociedades – master_top1000_estados_financieros 2024,El Corral = marca; Grasco/Grasas SA es la operadora,1.6407440690322697,1.6407,72.8,5.8,12.2,62.7,73.7,48.5,82.1,50.6,73.4,35.4,63.3,4.3,25.0,0.0,29.6,13.2,29.6,84.6,77.8,7.9,16.0,88.8,80.2,61.0,29.6,50.9,65.49,56.4,0.0238,0.18,25.8,22.7,4.8,2.273,2.296,1.2,61.32,70.9,53.6,72.8,36.1
Decameron,HOTELES DECAMERON COLMBIA S.A.S SIGLA HODECOL S.A.S.,806000179,Hoteles,SERVICIOS,SI,True,69.2,Medio,71.5,69.5,80.0,68.3,56.5,0.518717885,0.4810305536,3.2841639519,0.0038914401,2.5407652855,0.743398726,Supersociedades – master_top1000_estados_financieros 2024,,0.1579451856232403,0.1579,4.9,51.1,73.2,71.5,69.5,80.0,56.5,62.0,58.2,67.1,25.3,100.0,86.0,20.0,61.7,33.2,74.1,86.0,84.0,73.3,84.0,42.0,18.5,67.5,49.4,59.0,68.84,61.5,-0.038,0.71,22.4,10.0,12.5,2.731,2.693,76.2,59.23,67.1,60.2,4.9,71.7
Easy Fly,EMPRESA AEREA DE SERVICIOS Y FACILITACION LOGISTICA INTEGRAL SA,900088915,Aerolíneas,SERVICIOS,SI,True,27.9,Crítico,37.2,30.9,22.7,23.8,24.9,0.5287967324,1.0626276731,0.6517290473,0.00172947,0.579031527,0.0726975426,Supersociedades – master_top1000_estados_financieros 2024,Easy Fly cambió de nombre a CLIC en 2023; entidad jurídica EASYFLY SA permanece,0.8113751176055645,0.8114,30.9,20.6,37.8,37.2,30.9,22.7,24.9,27.8,7.6,8.9,1.3,55.0,52.4,0.0,29.6,6.8,14.8,73.4,29.6,2.7,3.7,83.2,70.4,54.0,8.6,28.1,28.39,9.0,-0.0159,0.62,7.1,7.0,15.0,1.023,1.007,46.2,28.76,6.3,18.6,30.9,26.2
Farmacia Pasteur,DISTRIBUIDORA PASTEUR S.A,890941663,Farmacias,COMERCIO,SI,True,28.9,Crítico,2.9,49.8,34.1,30.6,27.2,0.5601638556,0.4911066592,0.2046327442,0.0120682102,0.0618181415,0.1428146064,Supersociedades – master_top1000_estados_financieros 2024,Distribuidora Pasteur SA opera la red de Farmacias Pasteur,2.737410661181956,2.7374,81.5,25.6,42.7,2.9,49.8,34.1,27.2,1.3,30.4,16.5,3.8,70.0,61.0,0.0,29.6,6.8,14.8,65.0,6.2,44.7,56.8,82.0,69.1,52.5,6.2,34.6,19.13,2.6,-0.0174,0.72,7.1,10.0,16.9,1.206,1.189,50.0,25.15,3.8,18.6,81.5,26.9
Andina (beer),CENTRAL CERVECERA DE COLOMBIA SAS,900785905,Cervezas,COMERCIO,SI,False,33.3,Débil,43.2,14.4,10.9,36.4,61.8,0.8867977858,0.8169698715,0.7074736357,-0.0993503332,0.549755156,0.1577184945,Supersociedades – master_top1000_estados_financieros 2024,Cerveza Andina = marca de Central Cervecera de Colombia SAS (JV Heineken–Bavaria),1.2534711416102031,1.2535,56.8,3.4,4.3,43.2,14.4,10.9,61.8,38.0,1.3,1.3,30.4,3.4,17.1,0.0,29.6,6.8,14.8,68.5,16.0,2.7,3.7,80.8,64.2,51.0,2.5,21.6,25.44,6.4,-0.0197,0.43,13.8,15.5,24.8,1.267,1.248,55.0,38.34,19.0,14.0,56.8,37.0
Tiendas Isimo,SUPERTIENDAS Y DROGUERIAS OLIMPICA S.A,890107487,Supermercados,COMERCIO,SI,False,31.4,Débil,25.9,50.4,12.0,27.0,42.0,7.1291923523,7.8825526237,5.7303638458,0.0636537522,3.4788792133,2.2514848709,Supersociedades – master_top1000_estados_financieros 2024,Ísimo = cadena del Grupo Olímpica; opera bajo entidad Supertiendas y Droguerías Olímpica SA,1.2441081481283691,1.2441,51.9,3.4,4.3,25.9,50.4,12.0,42.0,20.3,31.6,2.5,10.1,3.5,18.9,0.0,29.6,6.8,14.8,59.4,1.2,4.8,4.9,58.0,35.8,45.0,1.2,10.8,28.48,10.3,-0.0017,0.4,10.1,16.6,16.9,1.062,1.061,18.8,24.83,2.5,10.6,51.9,10.7
Copa Airlines,AERO REPUBLICA S A,800185781,Aerolíneas,SERVICIOS,SI,False,56.3,Medio,70.0,41.6,66.7,56.6,46.6,0.8282294273,1.6416139603,0.6480510235,0.0501586013,0.5556601286,0.0923909023,Supersociedades – master_top1000_estados_financieros 2024,Copa Airlines Colombia operó bajo Aero República SA (misma entidad jurídica que Wingo),1.2780312001158347,1.278,59.3,25.0,41.5,70.0,41.6,66.7,46.6,55.7,26.6,53.2,13.9,54.9,51.2,0.0,29.6,20.0,49.4,82.5,69.1,40.9,51.9,46.0,22.2,67.5,49.4,48.1,54.85,43.6,-0.0034,0.41,16.9,12.2,10.8,2.147,2.143,21.2,50.17,41.8,45.9,59.3,31.5
Telefónica,COLOMBIA TELECOMUNICACIONES S.A. E.S.P. - telefonica,830122566,Telecomunicaciones,SERVICIOS,SI,False,38.9,Débil,28.7,31.3,42.7,44.8,46.9,6.6721792221,7.1184382439,14.4863471985,-0.4669573307,10.9635124207,3.5228347778,Supersociedades – master_top1000_estados_financieros 2024,Telefónica Colombia = marca corporativa; entidad jurídica es Colombia Telecomunicaciones SA (Movistar),0.4605839643820545,0.4606,8.6,6.3,13.4,28.7,31.3,42.7,46.9,22.8,10.1,26.6,15.2,12.2,29.3,0.0,29.6,6.8,14.8,77.6,43.2,10.0,23.5,47.2,23.5,69.0,54.3,36.1,36.62,20.5,-0.0108,0.02,6.5,15.3,28.8,1.65,1.639,33.8,19.21,1.3,28.3,8.6,17.5
Hatsu,POSTOBON S.A.,890903939,Bebidas,MANUFACTURA,SI,False,52.4,Fuerza sin entrega,86.8,65.8,22.1,36.5,50.9,2.8467004299,2.9373836517,3.3808317184,0.0440745801,1.8289060593,1.5519256592,Supersociedades – master_top1000_estados_financieros 2024,Hatsu = marca Postobón desde 2016 (adquirida via Gaseosas Lux de Triple Corona SAS),0.8420118677918754,0.842,32.1,3.5,6.1,86.8,65.8,22.1,50.9,82.3,50.6,7.6,21.5,3.8,22.6,0.0,29.6,6.8,14.8,77.6,43.2,5.0,6.2,84.0,74.1,55.0,12.3,34.0,50.35,37.2,-0.0109,0.22,22.5,20.3,12.8,1.379,1.368,35.0,47.19,30.4,35.6,32.1,32.7
Cerveza BBC,BAVARIA & CIA S.C.A,860005224,Cervezas,MANUFACTURA,SI,False,53.0,Fuerza sin entrega,87.2,39.8,43.0,46.0,49.1,8.6157741547,8.0129432678,13.6144351959,2.3062546253,9.470246315,4.1441893578,Supersociedades – master_top1000_estados_financieros 2024,BBC (Bogotá Beer Company) = parte de Bavaria/AB InBev desde 2015; opera bajo BAVARIA & CIA,0.632841100693964,0.6328,14.8,5.2,9.8,87.2,39.8,43.0,49.1,84.8,22.8,27.8,19.0,2.3,9.8,0.0,29.6,13.2,29.6,84.6,77.8,6.7,13.6,86.0,76.5,57.5,19.8,46.9,52.03,42.3,-0.0246,0.42,19.9,13.3,22.7,1.705,1.681,62.5,44.28,26.6,44.6,14.8,44.5
Esso,ORGANIZACIÓN TERPEL S.A.,830095213,Combustibles,COMERCIO,SI,False,42.2,Débil,8.0,39.0,63.5,54.7,45.9,24.7520122528,23.0482845306,7.9712119102,0.5307559371,4.6218252182,3.349386692,Supersociedades – master_top1000_estados_financieros 2024,Esso Colombia fue adquirida por Organización Terpel en 2010; Esso es sub-marca de Terpel,3.1051755406385833,3.1052,90.1,1.3,1.2,8.0,39.0,63.5,45.9,5.1,20.3,49.4,12.7,1.9,6.7,0.0,29.6,2.0,0.0,75.5,37.0,0.8,0.0,73.2,54.3,64.0,40.7,33.0,30.88,15.4,-0.0272,0.2,16.0,16.8,15.4,2.051,2.023,67.5,47.81,32.9,24.2,90.1,50.2
Honda,FABRICA NACIONAL DE AUTOPARTES FANALCA S.A,890301886,Automóviles,MANUFACTURA,SI,False,77.0,Medio,75.8,67.5,90.7,80.6,70.5,1.4264771938,1.2826853991,1.6085869074,0.0605385005,0.801738739,0.8068481088,Supersociedades – master_top1000_estados_financieros 2024,"Honda Motos Colombia opera a través de FANALCA SA, única planta ensambladora y distribuidora Honda en Colombia",0.8867890116709027,0.8868,39.5,30.9,51.2,75.8,67.5,90.7,70.5,67.1,54.4,88.6,43.0,72.7,62.2,0.0,29.6,20.0,49.4,89.5,92.6,51.6,60.5,98.0,98.8,72.5,66.7,79.6,75.63,69.2,0.0016,0.4,16.5,8.5,11.2,3.538,3.54,15.0,50.6,45.6,74.4,39.5,30.3
